-- phpMyAdmin SQL Dump
-- version 5.2.1
-- https://www.phpmyadmin.net/
--
-- Host: 127.0.0.1
-- Generation Time: Dec 18, 2024 at 12:22 PM
-- Server version: 10.4.32-MariaDB
-- PHP Version: 8.0.30

SET SQL_MODE = "NO_AUTO_VALUE_ON_ZERO";
START TRANSACTION;
SET time_zone = "+00:00";


/*!40101 SET @OLD_CHARACTER_SET_CLIENT=@@CHARACTER_SET_CLIENT */;
/*!40101 SET @OLD_CHARACTER_SET_RESULTS=@@CHARACTER_SET_RESULTS */;
/*!40101 SET @OLD_COLLATION_CONNECTION=@@COLLATION_CONNECTION */;
/*!40101 SET NAMES utf8mb4 */;

--
-- Database: `rbksse_db`
--

-- --------------------------------------------------------

--
-- Table structure for table `admin_login`
--

CREATE TABLE `admin_login` (
  `log_id` int(11) NOT NULL,
  `username` varchar(10) DEFAULT NULL,
  `password` varchar(10) DEFAULT NULL,
  `timestamp` datetime NOT NULL DEFAULT current_timestamp(),
  `report` varchar(25) DEFAULT 'None.'
) ENGINE=InnoDB DEFAULT CHARSET=utf8mb4 COLLATE=utf8mb4_general_ci;

-- --------------------------------------------------------

--
-- Table structure for table `admin_users`
--

CREATE TABLE `admin_users` (
  `user_id` int(11) NOT NULL,
  `username` varchar(10) DEFAULT NULL,
  `password` varchar(10) DEFAULT '12345678'
) ENGINE=InnoDB DEFAULT CHARSET=utf8mb4 COLLATE=utf8mb4_general_ci;

--
-- Dumping data for table `admin_users`
--

INSERT INTO `admin_users` (`user_id`, `username`, `password`) VALUES
(1, 'registrar', '12345678'),
(2, 'cashier', '12345678'),
(3, 'dean', '12345678'),
(4, 'vpacadaff', '12345678');

-- --------------------------------------------------------

--
-- Table structure for table `grades`
--

CREATE TABLE `grades` (
  `record_id` int(11) NOT NULL,
  `student_id` varchar(11) DEFAULT NULL,
  `acad_year` varchar(10) DEFAULT NULL,
  `subject_code` varchar(15) DEFAULT NULL,
  `instructor_id` int(11) DEFAULT NULL,
  `rating` double DEFAULT NULL,
  `remark` varchar(25) DEFAULT NULL,
  `uploaded_when` datetime DEFAULT NULL,
  `review_request` tinyint(4) NOT NULL DEFAULT 0,
  `review_request_when` datetime DEFAULT NULL,
  `reviewed` tinyint(4) NOT NULL DEFAULT 0,
  `reviewed_when` datetime DEFAULT NULL,
  `review_report` varchar(25) NOT NULL DEFAULT 'No notes.'
) ENGINE=InnoDB DEFAULT CHARSET=utf8mb4 COLLATE=utf8mb4_general_ci;

--
-- Dumping data for table `grades`
--

INSERT INTO `grades` (`record_id`, `student_id`, `acad_year`, `subject_code`, `instructor_id`, `rating`, `remark`, `uploaded_when`, `review_request`, `review_request_when`, `reviewed`, `reviewed_when`, `review_report`) VALUES
(1, '0000234-22', '2022-2023', 'GE 1', 1, 92, 'Passed', '2022-11-09 07:34:16', 0, NULL, 0, NULL, 'No notes.'),
(2, '0000234-22', '2022-2023', 'GE 2', 3, 92, 'Passed', '2022-11-09 07:34:16', 0, NULL, 0, NULL, 'No notes.'),
(3, '0000234-22', '2022-2023', 'GE 3', 2, 90, 'Passed', '2022-11-10 07:34:16', 0, NULL, 0, NULL, 'No notes.'),
(4, '0000234-22', '2022-2023', 'GE 4', 5, 89, 'Passed', '2022-11-10 07:34:16', 1, '2024-11-12 23:03:36', 1, '2024-12-06 23:24:59', 'No notes.'),
(5, '0000234-22', '2022-2023', 'GE 5', 4, 88, 'Passed', '2022-11-10 07:34:16', 0, NULL, 0, NULL, 'No notes.'),
(6, '0000234-22', '2022-2023', 'GE 6', 2, 88, 'Passed', '2022-11-10 07:34:16', 0, NULL, 0, NULL, 'No notes.'),
(7, '0000234-22', '2022-2023', 'PE 1', 10, 72, 'FAILED', '2024-11-30 07:34:16', 0, NULL, 0, NULL, 'No notes.'),
(8, '0000234-22', '2022-2023', 'NSTP 1', 10, 90, 'Passed', '2022-11-10 07:34:16', 0, NULL, 0, NULL, 'No notes.'),
(9, '0000234-22', '2022-2023', 'Guidance 1', 10, 91, 'Passed', '2022-11-10 07:34:16', 0, NULL, 0, NULL, 'No notes.'),
(10, '0001667-22', '2022-2023', 'GE 1', 1, 92, 'Passed', '2022-11-09 07:34:16', 0, NULL, 0, NULL, 'No notes.'),
(11, '0001667-22', '2022-2023', 'GE 2', 3, 89, 'Passed', '2022-11-10 07:34:16', 0, NULL, 0, NULL, 'No notes.'),
(12, '0001667-22', '2022-2023', 'GE 3', 2, 96, 'Passed', '2022-11-09 07:34:16', 0, NULL, 0, NULL, 'No notes.'),
(13, '0001667-22', '2022-2023', 'GE 4', 2, 95, 'Passed', '2022-11-10 07:34:16', 0, NULL, 0, NULL, 'No notes.'),
(14, '0001667-22', '2022-2023', 'GE 5', 4, 92, 'Passed', '2022-11-10 07:34:16', 0, NULL, 0, NULL, 'No notes.'),
(15, '0001667-22', '2022-2023', 'GE 6', 2, 90, 'Passed', '2022-11-10 07:34:16', 0, NULL, 0, NULL, 'No notes.'),
(16, '0001667-22', '2022-2023', 'GE 7', 6, 89, 'Passed', '2022-11-10 07:34:16', 0, NULL, 0, NULL, 'No notes.'),
(17, '0001667-22', '2022-2023', 'PE 1', 10, 90, 'Passed', '2022-11-10 07:34:16', 0, NULL, 0, NULL, 'No notes.'),
(18, '0001667-22', '2022-2023', 'NSTP 1', 10, 90, 'Passed', '2022-11-10 07:34:16', 0, NULL, 0, NULL, 'No notes.'),
(19, '0001667-22', '2022-2023', 'FSM 111', 14, 95, 'Passed', '2022-11-10 07:34:16', 0, NULL, 0, NULL, 'No notes.'),
(20, '0001667-22', '2022-2023', 'FSM 112', 15, 95, 'Passed', '2022-11-10 07:34:16', 0, NULL, 0, NULL, 'No notes.'),
(21, '0001667-22', '2022-2023', 'GE 2', 3, 92, 'Passed', '2024-11-26 07:34:16', 0, NULL, 0, NULL, 'No notes.'),
(22, '0000983-21', '2021-2022', 'GE 4', 2, 0, NULL, '2024-11-10 07:34:16', 1, '2024-11-02 23:20:20', 0, NULL, 'No notes.'),
(23, '0000983-21', '2021-2022', 'GE 5', 4, 0, 'FAILED', '2024-11-26 07:34:16', 1, '2024-12-02 03:57:49', 0, NULL, 'No notes.'),
(24, '0000983-21', '2021-2022', 'GE 6', 2, 0, 'FAILED', '2024-11-26 07:34:16', 1, '2024-11-30 00:00:00', 0, NULL, 'No notes.'),
(25, '0000983-21', '2021-2022', 'GE 7', 6, 82, 'Passed', '2024-11-10 07:34:16', 1, '2024-11-20 00:00:00', 1, '2024-11-28 00:00:00', 'Typing error'),
(26, '0000983-21', '2021-2022', 'PE 1', 10, 0, 'FAILED', '2021-11-10 07:34:16', 0, NULL, 0, NULL, 'No notes.'),
(27, '0000983-21', '2021-2022', 'NSTP 1', 10, 0, 'FAILED', '2021-11-10 07:34:16', 0, NULL, 0, NULL, 'No notes.'),
(28, '0000983-21', '2021-2022', 'FSM 111', 14, 0, 'FAILED', '2021-11-24 07:34:16', 0, NULL, 0, NULL, 'No notes.'),
(29, '0000983-21', '2021-2022', 'FSM 112', 15, 0, 'FAILED', '2021-11-10 07:34:16', 0, NULL, 0, NULL, 'No notes.'),
(30, '0001667-22', '2024-2025', 'GE 8', NULL, 95, 'Passed', '2024-12-10 01:56:50', 1, '2024-12-04 00:00:00', 1, '2024-12-10 14:48:44', 'No notes.'),
(31, '0001667-22', '2024-2025', 'Elective 1', NULL, 97, 'Passed', '2024-12-10 01:57:55', 0, NULL, 0, NULL, 'No notes.'),
(32, '0001667-22', '2024-2025', 'Elective 2', NULL, 92, 'Passed', '2024-12-10 01:59:47', 1, '2024-12-04 00:00:00', 1, '2024-12-10 02:00:15', 'No notes.'),
(33, '0001667-22', '2024-2025', 'Elective 3', NULL, 98, 'Passed', '2024-12-10 02:08:21', 1, '2024-12-04 00:00:00', 1, '2024-12-10 02:10:10', 'No notes.'),
(34, '0001667-22', '2024-2025', 'GE 9', NULL, 90, 'Passed', '2024-12-10 02:17:53', 0, NULL, 0, NULL, 'No notes.'),
(35, '0001667-22', '2024-2025', 'Prof.Ed 1', NULL, 90, 'Passed', '2024-12-10 14:53:46', 1, '2024-12-04 00:00:00', 1, '2024-12-10 14:54:14', 'No notes.'),
(36, '0001667-22', '2024-2025', 'Prof.Ed 2', NULL, 95.5, 'Passed', '2024-12-10 15:00:07', 1, '2024-12-04 00:00:00', 1, '2024-12-11 23:51:16', 'No notes.'),
(37, '0001667-22', '2024-2025', 'FSM 121', NULL, 91, 'Passed', '2024-12-10 15:07:59', 1, '2024-12-04 00:00:00', 1, '2024-12-10 15:09:05', 'No notes.'),
(38, '0001667-22', '2024-2025', 'FSM 122', NULL, 81, 'Passed', '2024-12-10 16:04:24', 1, '2024-12-04 00:00:00', 1, '2024-12-10 16:05:11', 'No notes.'),
(39, '0001667-22', '2024-2025', 'PE 2', NULL, 80, 'Passed', '2024-12-10 17:11:38', 1, '2024-12-04 00:00:00', 1, '2024-12-10 17:14:06', 'No notes.'),
(40, '00008989-24', '2024-2025', 'GE 1', NULL, 75, 'Passed', '2024-12-14 03:31:27', 0, NULL, 0, NULL, 'No notes.'),
(41, '0000459-24', '2024-2025', 'GE 1', NULL, 88, 'Passed', '2024-12-14 03:37:26', 0, NULL, 0, NULL, 'No notes.'),
(42, '0000459-24', '2024-2025', 'GE 2', NULL, 90, 'Passed', '2024-12-14 03:38:38', 0, NULL, 0, NULL, 'No notes.'),
(43, '0000459-24', '2024-2025', 'GE 3', NULL, 82, 'Passed', '2024-12-14 03:43:29', 1, '2024-12-14 00:00:00', 1, '2024-12-14 03:46:05', 'No notes.'),
(44, '0000459-24', '2024-2025', 'GE 4', NULL, 82, 'Passed', '2024-12-14 03:45:05', 1, '2024-12-14 00:00:00', 1, '2024-12-14 03:46:18', 'No notes.'),
(45, '0001667-22', '2024-2025', 'NSTP 2', NULL, 81, 'Passed', '2024-12-14 11:56:47', 1, '2024-12-05 00:00:00', 1, '2024-12-14 11:59:37', 'No notes.');

-- --------------------------------------------------------

--
-- Table structure for table `instructors`
--

CREATE TABLE `instructors` (
  `instructor_id` int(11) NOT NULL,
  `courtesy_title` varchar(5) DEFAULT NULL,
  `first_name` varchar(25) DEFAULT NULL,
  `middle_name` varchar(25) NOT NULL DEFAULT 'N/A',
  `last_name` varchar(25) DEFAULT NULL,
  `suffix` varchar(5) NOT NULL DEFAULT ' ',
  `status` varchar(10) DEFAULT NULL,
  `department` varchar(25) DEFAULT NULL
) ENGINE=InnoDB DEFAULT CHARSET=utf8mb4 COLLATE=utf8mb4_general_ci;

--
-- Dumping data for table `instructors`
--

INSERT INTO `instructors` (`instructor_id`, `courtesy_title`, `first_name`, `middle_name`, `last_name`, `suffix`, `status`, `department`) VALUES
(1, 'Ms', 'Maria', 'Santos', 'Cruz', ' ', 'Full-time', 'Academic'),
(2, 'Mr', 'Jose', 'Reyes', 'Lopez', 'Jr', 'Full-time', 'Academic'),
(3, 'Mr', 'Juan', 'dela Cruz', 'Garcia', ' ', 'Full-time', 'Academic'),
(4, 'Mrs', 'Anna', 'Mendoza', 'Ramos', ' ', 'Full-time', 'Academic'),
(5, 'Mrs', 'Carmen', 'Garcia', 'Herrera', ' ', 'Full-time', 'Academic'),
(6, 'Mr', 'Enrique', 'Bautita', 'Ramirez', ' ', 'Full-time', 'Academic'),
(7, 'Dr', 'Sofia', 'Aquino', 'Santiago', ' ', 'Full-time', 'Academic'),
(8, 'Dr', 'Michael', 'Torres', 'Guzman', ' ', 'Full-time', 'Academic'),
(9, 'Ms', 'Francesca', 'Castillo', 'Rivera', ' ', 'Full-time', 'Academic'),
(10, 'Mr', 'Ramon', 'Villanueva', 'Torres', ' ', 'Part-time', 'Academic'),
(11, 'Mrs', 'Isabella', 'Navarro', 'Medina', ' ', 'Part-time', 'Academic'),
(12, 'Mr', 'Manuel', 'N/A', 'Alvarez', ' ', 'Part-time', 'Academic'),
(13, 'Ms', 'Angela', 'Flores', 'Gonzales', ' ', 'Part-time', 'Academic'),
(14, 'Mr', 'Carlos', 'Ortega', 'Mendoza', 'III', 'Part-time', 'Academic'),
(15, 'Mrs', 'Victoria', 'Fernandez', 'Reyes', ' ', 'Part-time', 'Academic');

-- --------------------------------------------------------

--
-- Table structure for table `kiosk_login`
--

CREATE TABLE `kiosk_login` (
  `log_id` int(11) NOT NULL,
  `rfid` varchar(10) DEFAULT NULL,
  `timestamp` datetime NOT NULL DEFAULT current_timestamp(),
  `report` varchar(25) DEFAULT NULL
) ENGINE=InnoDB DEFAULT CHARSET=utf8mb4 COLLATE=utf8mb4_general_ci;

--
-- Dumping data for table `kiosk_login`
--

INSERT INTO `kiosk_login` (`log_id`, `rfid`, `timestamp`, `report`) VALUES
(1, '0037971172', '2024-11-23 02:21:12', 'OK'),
(2, '0037971172', '2024-11-23 02:29:37', 'OK'),
(3, '0037971172', '2024-11-23 02:41:08', 'OK'),
(4, '0037971172', '2024-11-23 02:43:45', 'OK'),
(5, '0037971172', '2024-11-23 02:44:37', 'OK'),
(6, '0037971172', '2024-11-23 02:46:12', 'OK'),
(7, '0037971172', '2024-11-23 02:46:42', 'OK'),
(8, '0688383139', '2024-11-23 02:47:52', 'OK'),
(9, '0688383139', '2024-11-23 03:05:07', 'OK'),
(10, '0688383139', '2024-11-23 03:09:14', 'OK'),
(11, '0688383139', '2024-11-23 03:12:44', 'OK'),
(12, '0688383139', '2024-11-23 03:12:57', 'OK'),
(13, '0688383139', '2024-11-23 03:13:56', 'OK'),
(14, '0688383139', '2024-11-23 03:15:53', 'OK'),
(15, '0688383139', '2024-11-23 03:16:22', 'OK'),
(16, '0037971172', '2024-11-26 20:37:56', 'OK'),
(17, '0036758067', '2024-11-26 20:38:48', 'OK'),
(18, '0037971172', '2024-11-26 20:39:15', 'OK'),
(19, '0045465533', '2024-11-26 20:39:46', 'OK'),
(20, '0045465533', '2024-11-26 20:40:29', 'OK'),
(21, '0037971172', '2024-11-26 20:41:12', 'OK'),
(22, '036753010', '2024-11-26 20:41:31', 'UNKNOWN RFID'),
(23, '0036753010', '2024-11-26 20:41:36', 'OK'),
(24, '0036758067', '2024-11-26 20:41:54', 'OK'),
(25, '0670374451', '2024-11-26 20:44:37', 'OK'),
(26, '0036758067', '2024-11-26 20:45:07', 'OK'),
(27, '0036758067', '2024-11-26 20:46:05', 'OK'),
(28, '0036758067', '2024-11-26 22:38:03', 'OK'),
(29, '0670374451', '2024-11-26 22:38:37', 'OK'),
(30, '0670374451', '2024-11-26 22:39:01', 'OK'),
(31, '0670374451', '2024-11-26 22:42:44', 'OK'),
(32, '0036758067', '2024-11-26 22:42:57', 'OK'),
(33, '0036758067', '2024-11-26 22:45:02', 'OK'),
(34, '0036758067', '2024-11-26 23:15:10', 'OK'),
(35, '0670374451', '2024-11-26 23:15:41', 'OK'),
(36, '0670374451', '2024-11-26 23:16:23', 'OK'),
(37, '0670374451', '2024-11-26 23:17:35', 'OK'),
(38, '0670374451', '2024-11-26 23:17:58', 'OK'),
(39, '0670374451', '2024-11-26 23:18:59', 'OK'),
(40, '0670374451', '2024-11-26 23:19:20', 'OK'),
(41, '0670374451', '2024-11-26 23:20:10', 'OK'),
(42, '0670374451', '2024-11-26 23:20:26', 'OK'),
(43, '0670374451', '2024-11-26 23:20:55', 'OK'),
(44, '0670374451', '2024-11-26 23:22:19', 'OK'),
(45, '0670374451', '2024-11-26 23:23:06', 'OK'),
(46, '0036758067', '2024-11-26 23:24:54', 'OK'),
(47, '0036758067', '2024-11-26 23:26:49', 'OK'),
(48, '0036758067', '2024-11-26 23:30:43', 'OK'),
(49, '0670374451', '2024-11-26 23:31:00', 'OK'),
(50, '0670374451', '2024-11-26 23:32:53', 'OK'),
(51, '0036758067', '2024-11-26 23:34:08', 'OK'),
(52, '0036758067', '2024-11-26 23:44:21', 'OK'),
(53, '0670374451', '2024-11-26 23:44:45', 'OK'),
(54, '0036758067', '2024-11-26 23:46:22', 'OK'),
(55, '0036758067', '2024-11-27 00:16:08', 'OK'),
(56, '0036758067', '2024-11-27 00:19:02', 'OK'),
(57, '0036758067', '2024-11-27 00:19:55', 'OK'),
(58, '0036758067', '2024-11-27 00:20:57', 'OK'),
(59, '0036758067', '2024-11-27 00:23:45', 'OK'),
(60, '0036758067', '2024-11-27 00:29:12', 'OK'),
(61, '0670374451', '2024-11-27 00:30:14', 'OK'),
(62, '0670374451', '2024-11-27 00:51:49', 'OK'),
(63, '0670374451', '2024-11-27 00:52:14', 'OK'),
(64, '0670374451', '2024-11-27 00:53:17', 'OK'),
(65, '0670374451', '2024-11-27 00:55:07', 'OK'),
(66, '0670374451', '2024-11-27 00:56:30', 'OK'),
(67, '0670374451', '2024-11-27 01:01:04', 'OK'),
(68, '0670374451', '2024-11-27 01:05:10', 'OK'),
(69, '0670374451', '2024-11-27 01:20:11', 'OK'),
(70, '0670374451', '2024-11-27 01:22:38', 'OK'),
(71, '0670374451', '2024-11-27 01:32:07', 'OK'),
(72, '0670374451', '2024-11-27 01:39:08', 'OK'),
(73, '0670374451', '2024-11-27 01:48:42', 'OK'),
(74, '0670374451', '2024-11-27 01:53:42', 'OK'),
(75, '0670374451', '2024-11-27 01:54:42', 'OK'),
(76, '0670374451', '2024-11-27 01:56:08', 'OK'),
(77, '0670374451', '2024-11-27 01:57:53', 'OK'),
(78, '0670374451', '2024-11-27 01:59:57', 'OK'),
(79, '0670374451', '2024-11-27 02:02:26', 'OK'),
(80, '0670374451', '2024-11-27 02:03:17', 'OK'),
(81, '0670374451', '2024-11-27 02:15:39', 'OK'),
(82, '0670374451', '2024-11-27 02:46:31', 'OK'),
(83, '0670374451', '2024-11-27 02:47:38', 'OK'),
(84, '0670374451', '2024-11-27 02:49:38', 'OK'),
(85, '0670374451', '2024-11-27 02:52:58', 'OK'),
(86, '0670374451', '2024-11-27 03:02:44', 'OK'),
(87, '0670374451', '2024-11-27 03:04:00', 'OK'),
(88, '0670374451', '2024-11-27 03:05:16', 'OK'),
(89, '0670374451', '2024-11-27 03:11:12', 'OK'),
(90, '0670374451', '2024-11-27 03:16:54', 'OK'),
(91, '0670374451', '2024-11-27 03:18:53', 'OK'),
(92, '0670374451', '2024-11-27 03:24:45', 'OK'),
(93, '0670374451', '2024-11-27 03:28:18', 'OK'),
(94, '0670374451', '2024-11-27 03:31:59', 'OK'),
(95, '0670374451', '2024-11-27 03:33:25', 'OK'),
(96, '0670374451', '2024-11-27 03:33:59', 'OK'),
(97, '0670374451', '2024-11-27 03:34:19', 'OK'),
(98, '0670374451', '2024-11-27 19:52:05', 'OK'),
(99, '0670374451', '2024-11-27 20:11:28', 'OK'),
(100, '0670374451', '2024-11-27 20:13:00', 'OK'),
(101, '0670374451', '2024-11-27 20:24:16', 'OK'),
(102, '0670374451', '2024-11-27 20:24:35', 'OK'),
(103, '0670374451', '2024-11-27 20:27:12', 'OK'),
(104, '0670374451', '2024-11-27 20:27:48', 'OK'),
(105, '0045465533', '2024-11-27 20:28:06', 'OK'),
(106, '0670374451', '2024-11-27 20:28:18', 'OK'),
(107, '0670374451', '2024-11-27 20:29:28', 'OK'),
(108, '0670374451', '2024-11-27 20:31:09', 'OK'),
(109, '0670374451', '2024-11-27 20:31:51', 'OK'),
(110, '0670374451', '2024-11-27 20:34:25', 'OK'),
(111, '0045465533', '2024-11-27 20:36:10', 'OK'),
(112, '0670374451', '2024-11-27 20:37:45', 'OK'),
(113, '0670374451', '2024-11-27 20:53:02', 'OK'),
(114, '0670374451', '2024-11-27 20:53:24', 'OK'),
(115, '0670374451', '2024-11-27 20:55:03', 'OK'),
(116, '0670374451', '2024-11-27 20:58:10', 'OK'),
(117, '0670374451', '2024-11-27 20:58:50', 'OK'),
(118, '0670374451', '2024-11-27 21:01:03', 'OK'),
(119, '0670374451', '2024-11-27 21:05:44', 'OK'),
(120, '0670374451', '2024-11-27 21:06:01', 'OK'),
(121, '0670374451', '2024-11-27 21:12:09', 'OK'),
(122, '0670374451', '2024-11-27 21:16:26', 'OK'),
(123, '0670374451', '2024-11-27 21:17:49', 'OK'),
(124, '0670374451', '2024-11-27 21:19:01', 'OK'),
(125, '0670374451', '2024-11-27 21:20:07', 'OK'),
(126, '0670374451', '2024-11-27 21:28:50', 'OK'),
(127, '0670374451', '2024-11-27 21:32:03', 'OK'),
(128, '0670374451', '2024-11-27 21:33:19', 'OK'),
(129, '0670374451', '2024-11-27 21:44:27', 'OK'),
(130, '0670374451', '2024-11-27 21:44:51', 'OK'),
(131, '0670374451', '2024-11-27 21:45:44', 'OK'),
(132, '0670374451', '2024-11-27 21:47:21', 'OK'),
(133, '0670374451', '2024-11-27 21:48:32', 'OK'),
(134, '0670374451', '2024-11-27 21:56:54', 'OK'),
(135, '0670374451', '2024-11-27 22:16:42', 'OK'),
(136, '0670374451', '2024-11-27 22:18:17', 'OK'),
(137, '0670374451', '2024-11-27 22:21:58', 'OK'),
(138, '0670374451', '2024-11-27 22:22:57', 'OK'),
(139, '0670374451', '2024-11-27 22:24:37', 'OK'),
(140, '0670374451', '2024-11-27 22:25:56', 'OK'),
(141, '0670374451', '2024-11-27 22:29:41', 'OK'),
(142, '0670374451', '2024-11-27 22:30:38', 'OK'),
(143, '0670374451', '2024-11-27 22:36:03', 'OK'),
(144, '0670374451', '2024-11-27 22:40:44', 'OK'),
(145, '0670374451', '2024-11-27 22:42:41', 'OK'),
(146, '0670374451', '2024-11-27 22:43:15', 'OK'),
(147, '0670374451', '2024-11-27 22:45:02', 'OK'),
(148, '0670374451', '2024-11-27 22:49:15', 'OK'),
(149, '0670374451', '2024-11-27 22:49:40', 'OK'),
(150, '0670374451', '2024-11-27 22:54:56', 'OK'),
(151, '0670374451', '2024-11-27 22:55:55', 'OK'),
(152, '0670374451', '2024-11-27 23:01:46', 'OK'),
(153, '0670374451', '2024-11-27 23:13:24', 'OK'),
(154, '0670374451', '2024-11-27 23:21:05', 'OK'),
(155, '0670374451', '2024-11-27 23:35:57', 'OK'),
(156, '0670374451', '2024-11-27 23:38:56', 'OK'),
(157, '0670374451', '2024-11-27 23:39:14', 'OK'),
(158, '0670374451', '2024-11-27 23:39:39', 'OK'),
(159, '0670374451', '2024-11-27 23:40:02', 'OK'),
(160, '0670374451', '2024-11-27 23:40:32', 'OK'),
(161, '0670374451', '2024-11-27 23:58:03', 'OK'),
(162, '0670374451', '2024-11-27 23:59:06', 'OK'),
(163, '0670374451', '2024-11-28 00:00:33', 'OK'),
(164, '0670374451', '2024-11-28 00:04:24', 'OK'),
(165, '0045465533', '2024-11-28 00:18:00', 'OK'),
(166, '0045465533', '2024-11-28 00:23:33', 'OK'),
(167, '0045465533', '2024-11-28 00:24:10', 'OK'),
(168, '0045465533', '2024-11-28 00:25:15', 'OK'),
(169, '0045465533', '2024-11-28 00:25:42', 'OK'),
(170, '0670374451', '2024-11-28 00:25:54', 'OK'),
(171, '0670374451', '2024-11-28 00:26:54', 'OK'),
(172, '0045465533', '2024-11-28 00:27:01', 'OK'),
(173, '0045465533', '2024-11-28 00:41:24', 'OK'),
(174, '0670374451', '2024-11-28 00:45:52', 'OK'),
(175, '0670374451', '2024-11-28 00:46:41', 'OK'),
(176, '0045465533', '2024-11-28 00:48:49', 'OK'),
(177, '0670374451', '2024-11-28 00:49:36', 'OK'),
(178, '0670374451', '2024-11-28 00:51:48', 'OK'),
(179, '0045465533', '2024-11-28 00:52:00', 'OK'),
(180, '0045465533', '2024-11-28 00:52:04', 'OK'),
(181, '0036758067', '2024-11-28 00:52:11', 'OK'),
(182, '0036758067', '2024-11-28 00:52:18', 'OK'),
(183, '0036758067', '2024-11-28 00:52:38', 'OK'),
(184, '0036758067', '2024-11-28 01:00:17', 'OK'),
(185, '0036758067', '2024-11-28 01:00:58', 'OK'),
(186, '0036758067', '2024-11-28 01:02:07', 'OK'),
(187, '0045465533', '2024-11-28 01:02:12', 'OK'),
(188, '0670374451', '2024-11-28 01:02:19', 'OK'),
(189, '0670374451', '2024-11-28 01:04:09', 'OK'),
(190, '0045465533', '2024-11-28 01:06:57', 'OK'),
(191, '0045465533', '2024-11-28 01:07:27', 'OK'),
(192, '0045465533', '2024-11-28 01:11:35', 'OK'),
(193, '0045465533', '2024-11-28 01:11:47', 'OK'),
(194, '0045465533', '2024-11-28 01:13:45', 'OK'),
(195, '0045465533', '2024-11-28 01:19:37', 'OK'),
(196, '0045465533', '2024-11-28 01:23:48', 'OK'),
(197, '0045465533', '2024-11-28 01:25:02', 'OK'),
(198, '0045465533', '2024-11-28 01:25:50', 'OK'),
(199, '0045465533', '2024-11-28 01:26:23', 'OK'),
(200, '0045465533', '2024-11-28 01:26:57', 'OK'),
(201, '0036758067', '2024-11-28 01:34:21', 'OK'),
(202, '0045465533', '2024-11-28 01:34:31', 'OK'),
(203, '0045465533', '2024-11-28 01:35:57', 'OK'),
(204, '0045465533', '2024-11-28 01:37:35', 'OK'),
(205, '0045465533', '2024-11-28 01:38:34', 'OK'),
(206, '0670374451', '2024-11-28 01:40:05', 'OK'),
(207, '0670374451', '2024-11-28 01:40:25', 'OK'),
(208, '0036758067', '2024-11-28 01:40:34', 'OK'),
(209, '0045465533', '2024-11-28 01:40:44', 'OK'),
(210, '0045465533', '2024-11-28 01:44:42', 'OK'),
(211, '0045465533', '2024-11-28 01:45:40', 'OK'),
(212, '0045465533', '2024-11-28 01:46:09', 'OK'),
(213, '0045465533', '2024-11-28 01:48:06', 'OK'),
(214, '0045465533', '2024-11-28 01:48:42', 'OK'),
(215, '0045465533', '2024-11-28 01:49:16', 'OK'),
(216, '0045465533', '2024-11-28 01:50:52', 'OK'),
(217, '0045465533', '2024-11-28 01:51:13', 'OK'),
(218, '0045465533', '2024-11-28 01:52:35', 'OK'),
(219, '0045465533', '2024-11-28 01:53:04', 'OK'),
(220, '0045465533', '2024-11-28 01:58:19', 'OK'),
(221, '0670374451', '2024-11-28 01:58:34', 'OK'),
(222, '0036758067', '2024-11-28 01:58:51', 'OK'),
(223, '0045465533', '2024-11-28 02:01:42', 'OK'),
(224, '0670374451', '2024-11-28 02:03:36', 'OK'),
(225, '0670374451', '2024-11-28 02:04:42', 'OK'),
(226, '0670374451', '2024-11-28 02:04:48', 'OK'),
(227, '0045465533', '2024-11-28 02:05:02', 'OK'),
(228, '0036758067', '2024-11-28 20:00:34', 'OK'),
(229, '0036758067', '2024-11-28 20:13:29', 'OK'),
(230, '0670374451', '2024-11-28 20:13:56', 'OK'),
(231, '0670374451', '2024-11-28 20:15:10', 'OK'),
(232, '0670374451', '2024-11-28 20:18:31', 'OK'),
(233, '0670374451', '2024-11-28 20:20:37', 'OK'),
(234, '0036758067', '2024-11-28 20:22:59', 'OK'),
(235, '0651013651', '2024-11-14 02:09:41', 'OK'),
(236, '0036758067', '2024-11-14 02:10:08', 'OK'),
(237, '0036758067', '2024-11-14 02:12:24', 'OK'),
(238, '0036758067', '2024-11-14 02:13:18', 'OK'),
(239, '0670374451', '2024-11-14 02:14:15', 'OK'),
(240, '0045465533', '2024-11-14 02:14:39', 'OK'),
(241, '0036758067', '2024-11-14 02:16:23', 'OK'),
(242, '0651013651', '2024-11-14 02:22:34', 'OK'),
(243, '0036758067', '2024-11-14 02:36:03', 'OK'),
(244, '0045465533', '2024-11-30 13:28:49', 'OK'),
(245, '0651013651', '2024-11-30 13:30:32', 'OK'),
(246, '0670374451', '2024-11-30 13:31:11', 'OK'),
(247, '0651013651', '2024-11-30 13:31:44', 'OK'),
(248, '0036758067', '2024-11-30 13:33:54', 'OK'),
(249, '0045465533', '2024-11-30 13:34:06', 'OK'),
(250, '0670374451', '2024-11-30 13:35:53', 'OK'),
(251, '0045465533', '2024-11-30 13:37:52', 'OK'),
(252, '0651013651', '2024-11-30 13:44:28', 'OK'),
(253, '0036758067', '2024-12-04 00:23:02', 'OK'),
(254, '0036758067', '2024-12-04 00:23:36', 'OK'),
(255, '0036758067', '2024-12-04 00:24:05', 'OK'),
(256, '0036758067', '2024-12-04 00:25:22', 'OK'),
(257, '0651013651', '2024-12-04 00:27:17', 'OK'),
(258, '0651013651', '2024-12-04 00:28:03', 'OK'),
(259, '0045465533', '2024-12-04 00:28:50', 'OK'),
(260, '0045465533', '2024-12-04 00:29:15', 'OK'),
(261, '0036758067', '2024-12-04 00:29:32', 'OK'),
(262, '0651013651', '2024-12-04 00:30:33', 'OK'),
(263, '0651013651', '2024-12-04 00:30:38', 'OK'),
(264, '0670374451', '2024-12-05 18:04:59', 'OK'),
(265, '0036758067', '2024-12-05 20:31:43', 'OK'),
(266, '0651013651', '2024-12-05 20:32:01', 'OK'),
(267, '0045465533', '2024-12-03 02:12:32', 'OK'),
(268, '0651013651', '2024-12-03 02:42:49', 'OK'),
(269, '0045465533', '2024-12-03 03:45:46', 'OK'),
(270, '0045465533', '2024-12-03 08:02:41', 'OK'),
(271, '0045442998', '2024-12-03 08:11:11', 'UNKNOWN RFID'),
(272, '0045465533', '2024-12-03 08:11:15', 'OK'),
(273, '0045465533', '2024-12-03 10:14:24', 'OK'),
(274, '0036758067', '2024-12-03 10:14:40', 'OK'),
(275, '0036758067', '2024-12-03 20:15:23', 'OK'),
(276, '0036758067', '2024-12-09 22:56:45', 'OK'),
(277, '0670374451', '2024-12-09 22:56:58', 'OK'),
(278, '0670374451', '2024-12-09 22:57:13', 'OK'),
(279, '0670374451', '2024-12-09 22:58:22', 'OK'),
(280, '0036758067', '2024-12-09 22:58:40', 'OK'),
(281, '0670374451', '2024-12-09 22:59:52', 'OK'),
(282, '0670374451', '2024-12-04 05:56:58', 'OK'),
(283, '0036758067', '2024-12-04 05:57:15', 'OK'),
(284, '0036758067', '2024-12-04 08:59:27', 'OK'),
(285, '0036758067', '2024-12-04 09:37:56', 'OK'),
(286, '0036758067', '2024-12-04 09:38:01', 'OK'),
(287, '0036758067', '2024-12-04 09:41:38', 'OK'),
(288, '0036758067', '2024-12-04 09:41:59', 'OK'),
(289, '0036758067', '2024-12-04 09:44:29', 'OK'),
(290, '0036758067', '2024-12-04 09:47:13', 'OK'),
(291, '0036758067', '2024-12-04 09:50:29', 'OK'),
(292, '0036758067', '2024-12-04 09:53:13', 'OK'),
(293, '0036758067', '2024-12-04 09:55:54', 'OK'),
(294, '1772852301', '2024-12-04 09:57:13', 'UNKNOWN RFID'),
(295, '1772852301', '2024-12-04 09:57:21', 'UNKNOWN RFID'),
(296, '1772852301', '2024-12-04 09:57:32', 'UNKNOWN RFID'),
(297, '1772852301', '2024-12-04 09:59:16', 'UNKNOWN RFID'),
(298, '0036758067', '2024-12-04 09:59:32', 'OK'),
(299, '0036758067', '2024-12-04 10:00:56', 'OK'),
(300, '1772852301', '2024-12-04 10:04:40', 'UNKNOWN RFID'),
(301, '0036758067', '2024-12-04 10:04:46', 'OK'),
(302, '0036758067', '2024-12-04 10:10:29', 'OK'),
(303, '0036758067', '2024-12-04 10:15:03', 'OK'),
(304, '0036758067', '2024-12-04 10:19:27', 'OK'),
(305, '1772852301', '2024-12-04 10:24:00', 'UNKNOWN RFID'),
(306, '1772852301', '2024-12-04 10:24:18', 'UNKNOWN RFID'),
(307, '0036758067', '2024-12-04 10:24:22', 'OK'),
(308, '0036758067', '2024-12-04 10:41:00', 'OK'),
(309, '0036758067', '2024-12-04 10:54:57', 'OK'),
(310, '0036758067', '2024-12-04 10:55:02', 'OK'),
(311, '0036758067', '2024-12-04 10:55:16', 'OK'),
(312, '0036758067', '2024-12-04 10:55:36', 'OK'),
(313, '0036758067', '2024-12-04 10:57:10', 'OK'),
(314, '0036758067', '2024-12-04 11:02:00', 'OK'),
(315, '0036758067', '2024-12-04 11:02:11', 'OK'),
(316, '0036758067', '2024-12-04 11:02:38', 'OK'),
(317, '1772852301', '2024-12-04 11:02:42', 'UNKNOWN RFID'),
(318, '0036758067', '2024-12-04 11:09:15', 'OK'),
(319, '0036758067', '2024-12-04 11:18:06', 'OK'),
(320, '1772852301', '2024-12-04 11:18:17', 'UNKNOWN RFID'),
(321, '0036758067', '2024-12-04 11:18:51', 'OK'),
(322, '0036758067', '2024-12-04 11:20:00', 'OK'),
(323, '0036758067', '2024-12-04 11:24:06', 'OK'),
(324, '0036758067', '2024-12-04 11:24:29', 'OK'),
(325, '0036758067', '2024-12-04 11:25:38', 'OK'),
(326, '0036758067', '2024-12-04 11:26:15', 'OK'),
(327, '0036758067', '2024-12-04 11:27:30', 'OK'),
(328, '0036758067', '2024-12-04 11:28:44', 'OK'),
(329, '0036758067', '2024-12-04 11:47:29', 'OK'),
(330, '1772852301', '2024-12-04 11:53:30', 'UNKNOWN RFID'),
(331, '0036758067', '2024-12-04 11:58:15', 'OK'),
(332, '0036758067', '2024-12-04 11:59:13', 'OK'),
(333, '0036758067', '2024-12-04 11:59:16', 'OK'),
(334, '0036758067', '2024-12-04 11:59:19', 'OK'),
(335, '0036758067', '2024-12-04 11:59:31', 'OK'),
(336, '1772852301', '2024-12-04 11:59:45', 'UNKNOWN RFID'),
(337, '0036758067', '2024-12-04 11:59:50', 'OK'),
(338, '0036758067', '2024-12-04 12:02:02', 'OK'),
(339, '0036758067', '2024-12-04 12:02:09', 'OK'),
(340, '1772852301', '2024-12-04 12:03:30', 'UNKNOWN RFID'),
(341, '0036758067', '2024-12-04 12:03:37', 'OK'),
(342, '1772852301', '2024-12-04 12:09:49', 'UNKNOWN RFID'),
(343, '0036758067', '2024-12-04 12:11:59', 'OK'),
(344, '0036758067', '2024-12-04 11:42:00', 'OK'),
(345, '0036758067', '2024-12-04 12:57:05', 'OK'),
(346, '0036758067', '2024-12-11 23:53:09', 'OK'),
(347, '0036758067', '2024-12-11 23:53:54', 'OK'),
(348, '0036758067', '2024-12-11 23:55:57', 'OK'),
(349, '0036758067', '2024-12-11 23:57:04', 'OK'),
(350, '0036758067', '2024-12-12 00:15:05', 'OK'),
(351, '0036758067', '2024-12-12 00:27:42', 'OK'),
(352, '1772852301', '2024-12-05 00:23:04', 'UNKNOWN RFID'),
(353, '1772852301', '2024-12-05 00:23:09', 'UNKNOWN RFID'),
(354, '1772852301', '2024-12-05 00:23:21', 'UNKNOWN RFID'),
(355, '0670374451', '2024-12-05 00:24:21', 'OK'),
(356, '1772852301', '2024-12-05 00:35:35', 'UNKNOWN RFID'),
(357, '0036758067', '2024-12-05 00:35:42', 'OK'),
(358, '0036758067', '2024-12-05 03:29:04', 'OK'),
(359, '1772852301', '2024-12-05 03:29:12', 'UNKNOWN RFID'),
(360, '0036758067', '2024-12-05 03:29:23', 'OK'),
(361, '0651013651', '2024-12-05 04:00:54', 'OK'),
(362, '0651013651', '2024-12-05 04:01:17', 'OK');

-- --------------------------------------------------------

--
-- Table structure for table `payment`
--

CREATE TABLE `payment` (
  `payment_id` int(11) NOT NULL,
  `student_id` varchar(11) DEFAULT NULL,
  `date` datetime NOT NULL DEFAULT current_timestamp(),
  `amount_paid` double NOT NULL DEFAULT 0,
  `remaining_balance` double NOT NULL DEFAULT 0
) ENGINE=InnoDB DEFAULT CHARSET=utf8mb4 COLLATE=utf8mb4_general_ci;

--
-- Dumping data for table `payment`
--

INSERT INTO `payment` (`payment_id`, `student_id`, `date`, `amount_paid`, `remaining_balance`) VALUES
(1, '0000234-22', '2024-11-12 22:18:34', 5000, 11000),
(2, '0001000-23', '2024-11-12 22:18:34', 10000, 6000),
(3, '0000983-21', '2024-11-12 22:19:58', 7500, 12500),
(4, '0001667-22', '2024-11-12 22:20:27', 10000, 10000),
(5, '0001022-23', '2024-11-13 05:30:39', 1500, 14500),
(6, '0001022-23', '2024-11-13 05:31:21', 500, 1400),
(8, '00008989-24', '2024-12-14 02:48:32', 2000, 15000),
(9, '00008989-24', '2024-12-14 03:01:13', 1000, 14000),
(10, '0000459-24', '2024-12-14 03:36:00', 2500, 15500),
(11, '0000234-22', '2024-12-14 08:51:03', 2000, 9000);

-- --------------------------------------------------------

--
-- Table structure for table `programs`
--

CREATE TABLE `programs` (
  `program_id` int(11) NOT NULL,
  `program_code` varchar(10) DEFAULT NULL,
  `description` varchar(100) DEFAULT NULL,
  `curriculum_code` varchar(30) DEFAULT NULL,
  `date_start` datetime DEFAULT NULL,
  `date_end` datetime DEFAULT NULL,
  `remarks` varchar(25) DEFAULT NULL
) ENGINE=InnoDB DEFAULT CHARSET=utf8mb4 COLLATE=utf8mb4_general_ci;

--
-- Dumping data for table `programs`
--

INSERT INTO `programs` (`program_id`, `program_code`, `description`, `curriculum_code`, `date_start`, `date_end`, `remarks`) VALUES
(1, 'BEED', 'Bachelor of Elementary Education', 'CMO74S2017-E20182019', '2018-06-04 04:54:43', NULL, 'Active'),
(2, 'BTVTED', 'Bachelor of Technical Vocational Teacher Educaiton Major in Food Service Management', 'CMO74S2017-E20182019', '2018-06-04 04:54:43', NULL, 'Active'),
(3, 'BTVTED', 'Bachelor of Technical Vocational Teacher Educaiton Major in Food Service Management', 'CMO74S2017-E20232024', '2023-06-05 05:10:36', NULL, 'Active'),
(4, 'BEED', 'Bachelor of Elementary Education', 'CMO74S2017-E20232024', '2023-06-05 05:15:23', NULL, 'Active');

-- --------------------------------------------------------

--
-- Table structure for table `students`
--

CREATE TABLE `students` (
  `record_id` int(11) NOT NULL,
  `student_id` varchar(11) NOT NULL,
  `first_name` varchar(25) DEFAULT NULL,
  `middle_name` varchar(25) DEFAULT NULL,
  `last_name` varchar(25) DEFAULT NULL,
  `suffix` varchar(5) DEFAULT NULL,
  `rfid` varchar(10) DEFAULT 'NO RFID',
  `pin` varchar(6) DEFAULT NULL,
  `program_code` varchar(10) DEFAULT NULL,
  `curriculum_code` varchar(30) DEFAULT NULL,
  `current_year` int(11) DEFAULT NULL,
  `current_block` text DEFAULT NULL,
  `current_tuition` double NOT NULL DEFAULT 0,
  `status` varchar(10) NOT NULL DEFAULT 'Regular'
) ENGINE=InnoDB DEFAULT CHARSET=utf8mb4 COLLATE=utf8mb4_general_ci;

--
-- Dumping data for table `students`
--

INSERT INTO `students` (`record_id`, `student_id`, `first_name`, `middle_name`, `last_name`, `suffix`, `rfid`, `pin`, `program_code`, `curriculum_code`, `current_year`, `current_block`, `current_tuition`, `status`) VALUES
(1, '0', 'ADMIN', NULL, NULL, NULL, '0651013651', '123456', NULL, NULL, NULL, NULL, 0, 'Regular'),
(2, '0000234-22', 'John ', 'Balderama', 'Castillo', 'Jr', '0670374451', '555555', 'BEED', 'CMO74S2017-E20182019', 3, 'A', 16000, 'Regular'),
(3, '0000983-21', 'Faith', 'Aringo', 'Dela Cruz', NULL, '0045465533', '824658', 'BTVTED', 'CMO74S2017-E20182019', 4, 'A', 20000, 'Regular'),
(4, '0001000-23', 'King Henry', 'Kasimiro', 'Mallare', 'III', '0036753010', '789456', 'BEED', 'CMO74S2017-E20232024', 2, 'D', 16000, 'Irregular'),
(5, '0001022-23', 'Aringo', NULL, 'Karen Mae', NULL, '0037971172', '123123', 'BEED', 'CMO74S2017-E20232024', 2, 'B', 16000, 'Regular'),
(6, '0001667-22', 'Max Kolbe', 'Marian', 'Regalia', NULL, '0036758067', '016670', 'BTVTED', 'CMO74S2017-E20182019', 2, 'A', 20000, 'Regular'),
(10, '0000459-24', 'J', 'C', 'Argote', NULL, '', '789456', 'BTVTED', 'CMO74S2017-E20182019', 1, 'A', 18000, 'Regular');

-- --------------------------------------------------------

--
-- Table structure for table `subjects`
--

CREATE TABLE `subjects` (
  `subject_id` int(11) NOT NULL,
  `code` varchar(15) DEFAULT NULL,
  `description` varchar(100) DEFAULT NULL,
  `program` varchar(10) DEFAULT NULL,
  `curriculum` varchar(30) DEFAULT NULL,
  `yearlvl` int(11) NOT NULL,
  `semester` int(11) NOT NULL,
  `units` int(11) DEFAULT 0,
  `prerequisites` varchar(200) NOT NULL
) ENGINE=InnoDB DEFAULT CHARSET=utf8mb4 COLLATE=utf8mb4_general_ci;

--
-- Dumping data for table `subjects`
--

INSERT INTO `subjects` (`subject_id`, `code`, `description`, `program`, `curriculum`, `yearlvl`, `semester`, `units`, `prerequisites`) VALUES
(1, 'GE 1', 'Undertanding Thy Self', 'BEED', 'CMO74S2017-E20182019', 1, 1, 3, 'None'),
(2, 'GE 2', 'Reading in Philippine History', 'BEED', 'CMO74S2017-E20182019', 1, 1, 3, 'None'),
(3, 'GE 3', 'The Contemporary World', 'BEED', 'CMO74S2017-E20182019', 1, 1, 3, 'None'),
(4, 'GE 4', 'Mathematics in the Modern World', 'BEED', 'CMO74S2017-E20182019', 1, 1, 3, 'None'),
(5, 'GE 5', 'Purposive Communication', 'BEED', 'CMO74S2017-E20182019', 1, 1, 3, 'None'),
(6, 'GE 6', 'Art Appreciation the Child and Adolescent Learners', 'BEED', 'CMO74S2017-E20182019', 1, 1, 3, 'None'),
(7, 'PE 1', 'Gymnastics and Physical Fitness', 'BEED', 'CMO74S2017-E20182019', 1, 1, 2, 'None'),
(8, 'NSTP 1', 'Introduction to NSTP', 'BEED', 'CMO74S2017-E20182019', 1, 1, 3, 'None'),
(9, 'Guidance 1', 'Student Development Program and Activities', 'BEED', 'CMO74S2017-E20182019', 1, 1, 1, 'None'),
(10, 'GE 7', 'Science, Technology, and Society', 'BEED', 'CMO74S2017-E20182019', 1, 2, 3, 'GE 1, GE 2, GE 3, GE 4, GE 5, GE 6'),
(11, 'GE 8', 'Ethics', 'BEED', 'CMO74S2017-E20182019', 1, 2, 3, 'GE 1, GE 2, GE 3, GE 4, GE 5, GE 6'),
(12, 'GE 9', 'Rizal\'s Life and Works', 'BEED', 'CMO74S2017-E20182019', 1, 2, 3, 'GE 1, GE 2, GE 3, GE 4, GE 5, GE 6'),
(13, 'GE 10', 'Masining na Pagpapahayag', 'BEED', 'CMO74S2017-E20182019', 1, 2, 3, 'GE 1, GE 2, GE 3, GE 4, GE 5, GE 6'),
(14, 'GE 11', 'Mga Anyong Kontemporaryong Panitikang Pilipino', 'BEED', 'CMO74S2017-E20182019', 1, 2, 3, 'GE 1, GE 2, GE 3, GE 4, GE 5, GE 6'),
(15, 'GE 12', 'Building and Enhancing New Literacies Across the Curriculum', 'BEED', 'CMO74S2017-E20182019', 1, 2, 3, 'GE 1, GE 2, GE 3, GE 4, GE 5, GE 6'),
(16, 'PE 2', 'Folk Dancing/Rhythmic Activities', 'BEED', 'CMO74S2017-E20182019', 1, 2, 2, 'PE 1'),
(17, 'NSTP 2', 'Civil Welfare Training Services/Literacy Training ', 'BEED', 'CMO74S2017-E20182019', 1, 2, 2, 'NSTP 1'),
(18, 'Guidance 1', 'Student Development Programs and Activities', 'BEED', 'CMO74S2017-E20182019', 1, 2, 1, 'None'),
(19, 'MC TTL 2', 'Technology for Teaching and Learning', 'BEED', 'CMO74S2017-E20182019', 2, 1, 3, 'None'),
(20, 'PROF ED 1', 'Facilitating Learner-Centered Teaching', 'BEED', 'CMO74S2017-E20182019', 2, 1, 3, 'None'),
(21, 'MC SCI 101', 'Teaching Science in Elementary Grades (Biology and Chemistry)', 'BEED', 'CMO74S2017-E20182019', 2, 1, 3, 'None'),
(22, 'MC MATH 1', 'Teaching Math in Primary Grades', 'BEED', 'CMO74S2017-E20182019', 2, 1, 3, 'None'),
(23, 'MC SSC 101', 'Teaching Social Studies in Intermediate Grades (Culture and Geography)', 'BEED', 'CMO74S2017-E20182019', 2, 1, 3, 'None'),
(24, 'MC FIL 101', 'Pagtuturong Filipino sa Elementarya (1) Eskultura at Gamit ng Wikang Filipino', 'BEED', 'CMO74S2017-E20182019', 2, 1, 3, 'None'),
(25, 'MC VED', 'Good Manners and Right Conduct (Edukasyong Pagpapakatao)', 'BEED', 'CMO74S2017-E20182019', 2, 1, 3, 'None'),
(26, 'PE 3', 'Sports and Games', 'BEED', 'CMO74S2017-E20182019', 2, 1, 2, 'PE 2'),
(27, 'GE Elective', 'Living in the IT Era', 'BEED', 'CMO74S2017-E20182019', 2, 1, 3, 'GE 7, GE 8, GE 9, GE 10, GE 11, GE 12'),
(28, 'PROF ED 5', 'The Teaching Profession', 'BEED', 'CMO74S2017-E20182019', 2, 2, 3, 'PROF ED 1'),
(29, 'PROF ED 6', 'Foundation of Special and Inclusive Education', 'BEED', 'CMO74S2017-E20182019', 2, 2, 3, 'PROF ED 1'),
(30, 'MC SCI 102', 'Teaching Science in Intermediate Grades (Physics, Earth, and Space Science)', 'BEED', 'CMO74S2017-E20182019', 2, 2, 3, 'MC SCI 101'),
(31, 'MC MATH 2', 'Teaching Math in the Intermediate Grades', 'BEED', 'CMO74S2017-E20182019', 2, 2, 3, 'MC MATH 1'),
(32, 'MC MTB-MLE', 'Content and Pedagogy for the Mother Tongue', 'BEED', 'CMO74S2017-E20182019', 2, 2, 3, 'None'),
(33, 'MC SSC 102', 'Teaching Social Studies in Primary Grades (Philippine History and Government)', 'BEED', 'CMO74S2017-E20182019', 2, 2, 3, 'MC SSC 101'),
(34, 'MC TLE 101', 'Edukasyong Pangtahanan at Pangkabuhayan', 'BEED', 'CMO74S2017-E20182019', 2, 2, 3, 'None'),
(35, 'PE 4', 'Recreational Games', 'BEED', 'CMO74S2017-E20182019', 2, 2, 2, 'PE 3'),
(36, 'GE Elective 2', 'Gender and Society', 'BEED', 'CMO74S2017-E20182019', 2, 2, 3, 'GE Elective'),
(37, 'MC ENG 101', 'Teaching English in the Elementary Grades (Language Arts)', 'BEED', 'CMO74S2017-E20182019', 3, 1, 3, 'None'),
(38, 'PROF ED 7', 'Teacher and the School Curriculum', 'BEED', 'CMO74S2017-E20182019', 3, 1, 3, 'PROF ED 5, PROF ED 6'),
(39, 'MC TTL 2', 'Assessment of Student Learning 1 (Assessment of Tools for Knowledge)', 'BEED', 'CMO74S2017-E20182019', 3, 1, 3, 'None'),
(40, 'PROF ED 8', 'Curriculum Development', 'BEED', 'CMO74S2017-E20182019', 3, 1, 3, 'PROF ED 5, PROF ED 6'),
(41, 'MC ENG 102', 'Reading in the Elementary Grades', 'BEED', 'CMO74S2017-E20182019', 3, 1, 3, 'None'),
(42, 'MC MATH 3', 'Plane and Solid Geometry', 'BEED', 'CMO74S2017-E20182019', 3, 1, 3, 'MC MATH 2'),
(43, 'MC ARTS', 'Physical for Health Sciences', 'BEED', 'CMO74S2017-E20182019', 3, 1, 3, 'None'),
(44, 'ELECTIVE', 'Teaching Multi-Grade Classes', 'BEED', 'CMO74S2017-E20182019', 3, 2, 3, 'None'),
(45, 'PROF ED 9', 'The Teacher and the Community School Culture and Organizational Leadership', 'BEED', 'CMO74S2017-E20182019', 3, 2, 3, 'PROF ED 7, PROF ED 8'),
(46, 'MC PEH', 'Teaching PE and Health in Elementary Grades', 'BEED', 'CMO74S2017-E20182019', 3, 2, 3, 'None'),
(47, 'PROF ED 10', 'Assessment of Student Learning 2', 'BEED', 'CMO74S2017-E20182019', 3, 2, 3, 'PROF ED 7, PROF ED 8'),
(48, 'MC FIL 102', 'Pagtuturong Filipino sa Elementarya (II) Panitikang Pilipinas', 'BEED', 'CMO74S2017-E20182019', 3, 2, 3, 'MC FIL 101'),
(49, 'MC RES', 'Research in Education', 'BEED', 'CMO74S2017-E20182019', 3, 2, 3, 'None'),
(50, 'MC TLE 102', 'Edukasyong Pangtahanan at Pangkabuhayan with Entrepreneurship', 'BEED', 'CMO74S2017-E20182019', 3, 2, 3, 'MC TLE 101'),
(51, 'FL 101', 'Foreign Language, Asian Language', 'BEED', 'CMO74S2017-E20182019', 3, 2, 3, 'None'),
(52, 'PROF ED 11', 'Observation of Teaching, Learning in Actual School Environment', 'BEED', 'CMO74S2017-E20182019', 4, 1, 3, 'PROF ED 9, PROF ED 10'),
(53, 'PROF ED 12', 'Participation and Teaching Assistantship', 'BEED', 'CMO74S2017-E20182019', 4, 1, 3, 'PROF ED 9, PROF ED 10'),
(54, 'FL 102', 'Foreign Language, Asian Language', 'BEED', 'CMO74S2017-E20182019', 4, 1, 3, 'FL 101'),
(55, 'PROF ED 13', 'Teaching Internship (Off Campus)', 'BEED', 'CMO74S2017-E20182019', 4, 2, 6, 'PROF ED 12'),
(56, 'REVIEW 101', 'Enhancement Class', 'BEED', 'CMO74S2017-E20182019', 4, 2, 15, 'PROF ED 12'),
(57, 'GE 1', 'Undertanding Thy Self', 'BTVTED', 'CMO74S2017-E20182019', 1, 1, 3, 'None'),
(58, 'GE 2', 'Reading in Phil. History', 'BTVTED', 'CMO74S2017-E20182019', 1, 1, 3, 'None'),
(59, 'GE 3', 'Math in the modern world', 'BTVTED', 'CMO74S2017-E20182019', 1, 1, 3, 'None'),
(60, 'GE 4', 'Science and Technology', 'BTVTED', 'CMO74S2017-E20182019', 1, 1, 3, 'None'),
(61, 'GE 5', 'Purposive Communication', 'BTVTED', 'CMO74S2017-E20182019', 1, 1, 3, 'None'),
(62, 'GE 6', 'Art Appreciation', 'BTVTED', 'CMO74S2017-E20182019', 1, 1, 3, 'None'),
(63, 'PE 1', 'Physical Education 1', 'BTVTED', 'CMO74S2017-E20182019', 1, 1, 2, 'None'),
(64, 'NSTP 1', 'CWTS/LTS 1', 'BTVTED', 'CMO74S2017-E20182019', 1, 1, 3, 'None'),
(65, 'GE 7', 'Life and Work of Rizal', 'BTVTED', 'CMO74S2017-E20182019', 1, 1, 3, 'None'),
(66, 'FSM 111', 'Occupational Safety & Health Practices', 'BTVTED', 'CMO74S2017-E20182019', 1, 1, 1, 'None'),
(67, 'FSM 112', 'Food Selection and Preparation', 'BTVTED', 'CMO74S2017-E20182019', 1, 1, 4, 'None'),
(68, 'GE 8', 'The contemporary World', 'BTVTED', 'CMO74S2017-E20182019', 1, 2, 3, 'GE 1, GE 2, GE 3, GE 4, GE 5, GE 6, GE 7'),
(69, 'Elective 1', 'Math, Science and Technology', 'BTVTED', 'CMO74S2017-E20182019', 1, 2, 3, 'None'),
(70, 'Elective 2', 'Arts and Humanities', 'BTVTED', 'CMO74S2017-E20182019', 1, 2, 3, 'None'),
(71, 'Elective 3', 'Social Sciences and Philosophy', 'BTVTED', 'CMO74S2017-E20182019', 1, 2, 3, 'None'),
(72, 'GE 9', 'Ethics', 'BTVTED', 'CMO74S2017-E20182019', 1, 2, 3, 'GE 1, GE 2, GE 3, GE 4, GE 5, GE 6, GE 7'),
(73, 'Prof.Ed 1', 'The Child and Adolescent Learner and Learning Principles', 'BTVTED', 'CMO74S2017-E20182019', 1, 2, 3, 'None'),
(74, 'Prof.Ed 2', 'The Teaching Profession', 'BTVTED', 'CMO74S2017-E20182019', 1, 2, 3, 'None'),
(75, 'FSM 121', 'Meal management', 'BTVTED', 'CMO74S2017-E20182019', 1, 2, 4, 'FSM 111, FSM 112'),
(76, 'FSM 122', 'Basic Baking', 'BTVTED', 'CMO74S2017-E20182019', 1, 2, 4, 'FSM 111, FSM 112'),
(77, 'PE 2', 'Physical Education 2', 'BTVTED', 'CMO74S2017-E20182019', 1, 2, 2, 'PE 1'),
(78, 'NSTP 2', 'CWTS/LTS 2', 'BTVTED', 'CMO74S2017-E20182019', 1, 2, 3, 'NSTP 1'),
(79, 'Guidance 1', 'Student Development Program and Activities', 'BTVTED', 'CMO74S2017-E20182019', 1, 2, 0, 'None'),
(80, 'PCK 111', 'Facilitating Learner-Centered Teaching: The Learner Centered Approaches with Emphasis on Trainers Me', 'BTVTED', 'CMO74S2017-E20182019', 2, 1, 3, 'None'),
(81, 'PCK115', 'Technology for Teaching and learning 1', 'BTVTED', 'CMO74S2017-E20182019', 2, 1, 3, 'None'),
(82, 'PCK 117', 'Building and Enhancing New Literacies Across the Curriculum with Emphasis on 21st century skills', 'BTVTED', 'CMO74S2017-E20182019', 2, 1, 3, 'None'),
(83, 'PCK 112', 'The Andragogy of Learning including Principles of Trainers Methodology I', 'BTVTED', 'CMO74S2017-E20182019', 2, 1, 3, 'None'),
(84, 'PCK 113', 'Assessment in Learning I', 'BTVTED', 'CMO74S2017-E20182019', 2, 1, 3, 'None'),
(85, 'TLE 1', 'Introduction to Industrial Arts', 'BTVTED', 'CMO74S2017-E20182019', 2, 1, 3, 'None'),
(86, 'TLE 4', 'Introduction to AFA', 'BTVTED', 'CMO74S2017-E20182019', 2, 1, 3, 'None'),
(87, 'FSM 211', 'Food Processing, Packaging and Labeling', 'BTVTED', 'CMO74S2017-E20182019', 2, 1, 4, 'FSM 121, FSM 122'),
(88, 'TLE 5', 'Entrepreneurship', 'BTVTED', 'CMO74S2017-E20182019', 2, 1, 3, 'None'),
(89, 'PE 3', 'Physical Education 3', 'BTVTED', 'CMO74S2017-E20182019', 2, 1, 2, 'PE 2'),
(90, 'Prof.Ed 3', 'The Teacher and the Community, School Culture and Organizational Leadership with focus on Philippine', 'BTVTED', 'CMO74S2017-E20182019', 2, 2, 3, 'Prof.Ed 1, Prof.Ed 2'),
(91, 'PCK118', 'Technology  for Teaching and Learning 2', 'BTVTED', 'CMO74S2017-E20182019', 2, 2, 3, 'PCK 111, PCK 115, PCK 117, PCK 112, PCK 113'),
(92, 'PCK 116', 'Curriculum Development and Evaluation with Emphasis on Trainers Methodology Level II', 'BTVTED', 'CMO74S2017-E20182019', 2, 2, 3, 'PCK 111, PCK 115, PCK 117, PCK 112, PCK 113'),
(93, 'Prof.Ed 4', 'Foundation of Special and Inclusive Education', 'BTVTED', 'CMO74S2017-E20182019', 2, 2, 3, 'Prof.Ed 1, Prof.Ed 2'),
(94, 'PCK 114', 'Assessment in Learning 2 with focus on Trainers Methodology Level I & II', 'BTVTED', 'CMO74S2017-E20182019', 2, 2, 3, 'PCK 111, PCK 115, PCK 117, PCK 112, PCK 113'),
(95, 'TLE 2', 'HE Literacy', 'BTVTED', 'CMO74S2017-E20182019', 2, 2, 3, 'TLE 1, TLE 4, TLE 5'),
(96, 'TLE 3', 'Teaching ICT as an Exploratory Course', 'BTVTED', 'CMO74S2017-E20182019', 2, 2, 3, 'TLE 1, TLE 4, TLE 5'),
(97, 'FSM 212', 'Advance Baking', 'BTVTED', 'CMO74S2017-E20182019', 2, 2, 5, 'FSM 211'),
(98, 'P.E 4', 'Physical Education 4', 'BTVTED', 'CMO74S2017-E20182019', 2, 2, 2, 'PE 3'),
(99, 'HM [2]', '(Summer) Industry Immersion 2', 'BTVTED', 'CMO74S2017-E20182019', 2, 2, 5, 'Prof.Ed 3, PCK118, PCK 116, Prof.Ed 4, PCK 114, TLE 2,\nTLE 3,\nFSM 212,\nP.E 4'),
(100, 'HM [1]', '(Summer) Industry Immersion 1', 'BTVTED', 'CMO74S2017-E20182019', 1, 2, 5, 'GE 8, Elective 1, Elective 2, Elective 3, GE 9, Prof.Ed 1, Prof.Ed 2, FSM 121, FSM 122, PE 2, NSTP 2, Guidance 1'),
(101, 'RESEARCH 1', 'Technology Research I (Methods of Research)', 'BTVTED', 'CMO74S2017-E20182019', 3, 1, 3, 'None'),
(102, 'TLE 6', 'Teaching Common Competencies in IA', 'BTVTED', 'CMO74S2017-E20182019', 3, 1, 3, 'TLE 2, TLE 3'),
(103, 'TLE 8', 'Teaching Competencies in ICT', 'BTVTED', 'CMO74S2017-E20182019', 3, 1, 3, 'TLE 2, TLE 3'),
(104, 'FSM 221', 'International Cuisine', 'BTVTED', 'CMO74S2017-E20182019', 3, 1, 5, 'FSM 212'),
(105, 'FSM 222', 'Quantity Cookery', 'BTVTED', 'CMO74S2017-E20182019', 3, 1, 4, 'FSM 212'),
(106, 'FSM 311', 'Cafeteria and Catering Management', 'BTVTED', 'CMO74S2017-E20182019', 3, 1, 5, 'FSM 212'),
(107, 'FSM 312', 'Bartending and Bar Management', 'BTVTED', 'CMO74S2017-E20182019', 3, 1, 4, 'FSM 212'),
(108, 'FL 1', 'Foreign Language 1', 'BTVTED', 'CMO74S2017-E20182019', 3, 1, 3, 'None'),
(109, 'RESEARCH 2', 'Technology Research 2 (Undergraduate Thesis/Research Paper/Research Project)', 'BTVTED', 'CMO74S2017-E20182019', 3, 2, 3, 'RESEARCH 1'),
(110, 'TLE 9', 'Teaching Common Competencies  in AFA', 'BTVTED', 'CMO74S2017-E20182019', 3, 2, 3, 'TLE 6, TLE 8'),
(111, 'TLE 7', 'Teaching Common Competencies in HE', 'BTVTED', 'CMO74S2017-E20182019', 3, 2, 3, 'TLE 6, TLE 8'),
(112, 'TM111', 'Work Based Learning  with Emphasis in Trainers Methodology', 'BTVTED', 'CMO74S2017-E20182019', 3, 2, 3, 'None'),
(113, 'FL 2', 'Foreign language 2', 'BTVTED', 'CMO74S2017-E20182019', 3, 2, 3, 'FL 1'),
(114, 'FS 1', 'Field Study 1', 'BTVTED', 'CMO74S2017-E20182019', 4, 1, 3, 'Complete years 1-3'),
(115, 'FS 2', 'Field Study 2', 'BTVTED', 'CMO74S2017-E20182019', 4, 1, 3, 'Complete years 1-3'),
(116, '[SIT]', 'Supervised Industrial Training', 'BTVTED', 'CMO74S2017-E20182019', 4, 1, 3, 'Complete years 1-3'),
(117, 'PI', 'Teaching Internship/Practice Teaching', 'BTVTED', 'CMO74S2017-E20182019', 4, 2, 6, 'Complete years 1-3'),
(118, 'EC', 'Enhancement Class', 'BTVTED', 'CMO74S2017-E20182019', 4, 2, 12, 'Complete years 1-3');

-- --------------------------------------------------------

--
-- Table structure for table `subject_assignments`
--

CREATE TABLE `subject_assignments` (
  `assignment_id` int(11) NOT NULL,
  `date_assigned` datetime DEFAULT current_timestamp(),
  `acad_year` varchar(10) DEFAULT NULL,
  `instructor_id` int(11) DEFAULT NULL,
  `subject_id` int(11) DEFAULT NULL,
  `yearlvl` int(11) DEFAULT NULL,
  `semester` int(11) DEFAULT NULL,
  `program_id` int(11) DEFAULT NULL
) ENGINE=InnoDB DEFAULT CHARSET=utf8mb4 COLLATE=utf8mb4_general_ci;

--
-- Dumping data for table `subject_assignments`
--

INSERT INTO `subject_assignments` (`assignment_id`, `date_assigned`, `acad_year`, `instructor_id`, `subject_id`, `yearlvl`, `semester`, `program_id`) VALUES
(1, '2022-05-18 22:05:05', '2022-2023', 1, 1, 1, 1, 1),
(2, '2022-05-18 22:05:05', '2022-2023', 3, 2, 1, 1, 1),
(3, '2022-05-18 22:05:05', '2022-2023', 2, 3, 1, 1, 1),
(4, '2022-05-18 22:05:05', '2022-2023', 5, 4, 1, 1, 1),
(5, '2022-05-18 22:05:05', '2022-2023', 2, 5, 1, 1, 1),
(6, '2022-05-18 22:05:05', '2022-2023', 2, 6, 1, 1, 1),
(7, '2022-05-18 22:05:05', '2022-2023', 10, 7, 1, 1, 1),
(8, '2022-05-18 22:05:05', '2022-2023', 10, 8, 1, 1, 1),
(9, '2022-05-18 22:05:05', '2022-2023', 10, 9, 1, 1, 1);

-- --------------------------------------------------------

--
-- Table structure for table `system_status`
--

CREATE TABLE `system_status` (
  `id` int(11) NOT NULL,
  `server_ip` varchar(15) NOT NULL DEFAULT '127.0.0.1',
  `current_semester` tinyint(1) DEFAULT NULL,
  `current_acadYear` varchar(9) NOT NULL
) ENGINE=InnoDB DEFAULT CHARSET=utf8mb4 COLLATE=utf8mb4_general_ci;

--
-- Dumping data for table `system_status`
--

INSERT INTO `system_status` (`id`, `server_ip`, `current_semester`, `current_acadYear`) VALUES
(1, '127.0.0.1', 1, '2024-2025');

--
-- Indexes for dumped tables
--

--
-- Indexes for table `admin_login`
--
ALTER TABLE `admin_login`
  ADD PRIMARY KEY (`log_id`);

--
-- Indexes for table `admin_users`
--
ALTER TABLE `admin_users`
  ADD PRIMARY KEY (`user_id`);

--
-- Indexes for table `grades`
--
ALTER TABLE `grades`
  ADD PRIMARY KEY (`record_id`);

--
-- Indexes for table `instructors`
--
ALTER TABLE `instructors`
  ADD PRIMARY KEY (`instructor_id`);

--
-- Indexes for table `kiosk_login`
--
ALTER TABLE `kiosk_login`
  ADD PRIMARY KEY (`log_id`);

--
-- Indexes for table `payment`
--
ALTER TABLE `payment`
  ADD PRIMARY KEY (`payment_id`);

--
-- Indexes for table `programs`
--
ALTER TABLE `programs`
  ADD PRIMARY KEY (`program_id`);

--
-- Indexes for table `students`
--
ALTER TABLE `students`
  ADD PRIMARY KEY (`record_id`);

--
-- Indexes for table `subjects`
--
ALTER TABLE `subjects`
  ADD PRIMARY KEY (`subject_id`);

--
-- Indexes for table `subject_assignments`
--
ALTER TABLE `subject_assignments`
  ADD PRIMARY KEY (`assignment_id`);

--
-- Indexes for table `system_status`
--
ALTER TABLE `system_status`
  ADD PRIMARY KEY (`id`);

--
-- AUTO_INCREMENT for dumped tables
--

--
-- AUTO_INCREMENT for table `admin_login`
--
ALTER TABLE `admin_login`
  MODIFY `log_id` int(11) NOT NULL AUTO_INCREMENT;

--
-- AUTO_INCREMENT for table `admin_users`
--
ALTER TABLE `admin_users`
  MODIFY `user_id` int(11) NOT NULL AUTO_INCREMENT, AUTO_INCREMENT=7;

--
-- AUTO_INCREMENT for table `grades`
--
ALTER TABLE `grades`
  MODIFY `record_id` int(11) NOT NULL AUTO_INCREMENT, AUTO_INCREMENT=46;

--
-- AUTO_INCREMENT for table `instructors`
--
ALTER TABLE `instructors`
  MODIFY `instructor_id` int(11) NOT NULL AUTO_INCREMENT, AUTO_INCREMENT=16;

--
-- AUTO_INCREMENT for table `kiosk_login`
--
ALTER TABLE `kiosk_login`
  MODIFY `log_id` int(11) NOT NULL AUTO_INCREMENT, AUTO_INCREMENT=363;

--
-- AUTO_INCREMENT for table `payment`
--
ALTER TABLE `payment`
  MODIFY `payment_id` int(11) NOT NULL AUTO_INCREMENT, AUTO_INCREMENT=12;

--
-- AUTO_INCREMENT for table `programs`
--
ALTER TABLE `programs`
  MODIFY `program_id` int(11) NOT NULL AUTO_INCREMENT, AUTO_INCREMENT=5;

--
-- AUTO_INCREMENT for table `students`
--
ALTER TABLE `students`
  MODIFY `record_id` int(11) NOT NULL AUTO_INCREMENT, AUTO_INCREMENT=11;

--
-- AUTO_INCREMENT for table `subjects`
--
ALTER TABLE `subjects`
  MODIFY `subject_id` int(11) NOT NULL AUTO_INCREMENT, AUTO_INCREMENT=119;

--
-- AUTO_INCREMENT for table `subject_assignments`
--
ALTER TABLE `subject_assignments`
  MODIFY `assignment_id` int(11) NOT NULL AUTO_INCREMENT, AUTO_INCREMENT=10;

--
-- AUTO_INCREMENT for table `system_status`
--
ALTER TABLE `system_status`
  MODIFY `id` int(11) NOT NULL AUTO_INCREMENT, AUTO_INCREMENT=2;
COMMIT;

/*!40101 SET CHARACTER_SET_CLIENT=@OLD_CHARACTER_SET_CLIENT */;
/*!40101 SET CHARACTER_SET_RESULTS=@OLD_CHARACTER_SET_RESULTS */;
/*!40101 SET COLLATION_CONNECTION=@OLD_COLLATION_CONNECTION */;
